geo_uid,geo_id_code,geo_name,prov_code,geo,regina_filter_tag,population_total,private_dwellings_total,median_after_tax_income_households,lim_at_prevalence_pct,lim_at_children_0_17_count,lim_at_children_0_17_pct,tenure_total,tenure_owner,tenure_renter,indigenous_identity_total,indigenous_identity_count,age_0_14_total,age_0_4_total,age_5_9_total,age_10_14_total,immigrant_count,visible_minority_count,lone_parent_family_count,couples_with_children_count,unemployment_rate_pct,education_no_certificate_25_64,education_bachelor_or_higher_25_64,tenure_owner_pct,tenure_renter_pct,indigenous_identity_pct,children_0_14_pct
2016S05077050001.01,7050001.01,0001.01,47,CT,CT_DGUID_PREFIX_2016S0507705,3213.0,1240.0,86016.0,6.1,75.0,10.2,1240.0,1060.0,185.0,3240.0,160.0,615.0,190.0,225.0,195.0,375.0,345.0,125.0,410.0,4.4,60.0,745.0,85.483871,14.919355,4.938272,19.140990
2016S05077050001.02,7050001.02,0001.02,47,CT,CT_DGUID_PREFIX_2016S0507705,4049.0,1585.0,72806.0,14.9,170.0,19.5,1505.0,1020.0,485.0,4010.0,160.0,700.0,200.0,245.0,255.0,865.0,1225.0,195.0,475.0,6.2,130.0,945.0,67.774086,32.225914,3.990025,17.288219
2016S05077050002.01,7050002.01,0002.01,47,CT,CT_DGUID_PREFIX_2016S0507705,4408.0,2051.0,70955.0,8.3,105.0,14.1,2045.0,1265.0,785.0,4480.0,140.0,625.0,160.0,235.0,235.0,935.0,890.0,130.0,480.0,5.8,60.0,975.0,61.858191,38.386308,3.125000,14.178766
2016S05077050002.02,7050002.02,0002.02,47,CT,CT_DGUID_PREFIX_2016S0507705,6833.0,2865.0,66573.0,10.6,150.0,13.9,2765.0,1605.0,1160.0,6395.0,255.0,900.0,355.0,290.0,255.0,1640.0,1860.0,210.0,725.0,6.7,130.0,1625.0,58.047016,41.952984,3.987490,13.171374
2016S05077050003.00,7050003.00,0003.00,47,CT,CT_DGUID_PREFIX_2016S0507705,5388.0,2376.0,70195.0,10.8,140.0,13.1,2285.0,1410.0,870.0,5455.0,330.0,900.0,320.0,320.0,265.0,1325.0,1610.0,205.0,635.0,5.7,135.0,1460.0,61.706783,38.074398,6.049496,16.703786
2016S05077050004.00,7050004.00,0004.00,47,CT,CT_DGUID_PREFIX_2016S0507705,10084.0,4595.0,78810.0,10.4,335.0,13.9,3960.0,2910.0,1055.0,9990.0,515.0,2160.0,1020.0,640.0,500.0,2935.0,3495.0,325.0,1370.0,5.4,295.0,2960.0,73.484848,26.641414,5.155155,21.420071
2016S05077050005.00,7050005.00,0005.00,47,CT,CT_DGUID_PREFIX_2016S0507705,4388.0,1903.0,81899.0,7.1,90.0,10.7,1800.0,1500.0,305.0,4110.0,310.0,725.0,230.0,260.0,230.0,420.0,290.0,185.0,475.0,5.0,80.0,1130.0,83.333333,16.944444,7.542579,16.522334
2016S05077050006.00,7050006.00,0006.00,47,CT,CT_DGUID_PREFIX_2016S0507705,7512.0,3431.0,64998.0,16.3,205.0,19.2,3195.0,1985.0,1210.0,6975.0,215.0,875.0,290.0,280.0,305.0,1455.0,1980.0,255.0,685.0,5.1,140.0,1725.0,62.128326,37.871674,3.082437,11.648030
2016S05077050007.00,7050007.00,0007.00,47,CT,CT_DGUID_PREFIX_2016S0507705,2444.0,1076.0,46528.0,24.6,155.0,40.8,1070.0,270.0,795.0,2205.0,255.0,325.0,120.0,110.0,95.0,475.0,590.0,105.0,165.0,9.7,95.0,360.0,25.233645,74.299065,11.564626,13.297872
2016S05077050008.01,7050008.01,0008.01,47,CT,CT_DGUID_PREFIX_2016S0507705,5664.0,2649.0,67090.0,8.9,150.0,14.6,2510.0,1825.0,685.0,5510.0,520.0,865.0,360.0,285.0,220.0,525.0,565.0,355.0,595.0,3.6,250.0,875.0,72.709163,27.290837,9.437387,15.271893
2016S05077050008.02,7050008.02,0008.02,47,CT,CT_DGUID_PREFIX_2016S0507705,2580.0,1163.0,79829.0,5.2,20.0,4.3,1130.0,810.0,315.0,2555.0,105.0,390.0,115.0,135.0,140.0,345.0,300.0,90.0,315.0,5.8,50.0,475.0,71.681416,27.876106,4.109589,15.116279
2016S05077050009.01,7050009.01,0009.01,47,CT,CT_DGUID_PREFIX_2016S0507705,4164.0,1974.0,55012.0,18.1,265.0,30.3,1855.0,1215.0,640.0,4285.0,755.0,735.0,285.0,220.0,230.0,940.0,1075.0,295.0,370.0,7.2,305.0,535.0,65.498652,34.501348,17.619603,17.651297
2016S05077050009.02,7050009.02,0009.02,47,CT,CT_DGUID_PREFIX_2016S0507705,4845.0,1953.0,71680.0,15.9,355.0,31.3,1790.0,1030.0,765.0,4745.0,405.0,980.0,355.0,330.0,300.0,1055.0,1305.0,265.0,545.0,7.8,240.0,855.0,57.541899,42.737430,8.535300,20.227038
2016S05077050010.00,7050010.00,0010.00,47,CT,CT_DGUID_PREFIX_2016S0507705,2719.0,1683.0,41376.0,24.0,120.0,26.1,1505.0,460.0,1045.0,2880.0,510.0,415.0,200.0,120.0,100.0,655.0,820.0,145.0,210.0,6.0,185.0,575.0,30.564784,69.435216,17.708333,15.262964
2016S05077050011.00,7050011.00,0011.00,47,CT,CT_DGUID_PREFIX_2016S0507705,3781.0,3272.0,35083.0,27.4,35.0,28.0,2810.0,490.0,2320.0,3600.0,295.0,115.0,60.0,35.0,20.0,665.0,700.0,70.0,90.0,5.5,225.0,830.0,17.437722,82.562278,8.194444,3.041523
2016S05077050012.00,7050012.00,0012.00,47,CT,CT_DGUID_PREFIX_2016S0507705,5374.0,2994.0,53483.0,17.7,255.0,25.6,2745.0,1295.0,1450.0,5350.0,485.0,860.0,360.0,285.0,215.0,800.0,725.0,285.0,470.0,6.9,235.0,1550.0,47.176685,52.823315,9.065421,16.002977
2016S05077050013.00,7050013.00,0013.00,47,CT,CT_DGUID_PREFIX_2016S0507705,675.0,394.0,24640.0,36.4,5.0,100.0,350.0,70.0,275.0,430.0,25.0,10.0,5.0,5.0,0.0,60.0,55.0,5.0,10.0,0.0,25.0,65.0,20.000000,78.571429,5.813953,1.481481
2016S05077050014.00,7050014.00,0014.00,47,CT,CT_DGUID_PREFIX_2016S0507705,1658.0,874.0,31600.0,38.0,160.0,49.2,720.0,200.0,520.0,1500.0,355.0,270.0,105.0,90.0,75.0,400.0,430.0,110.0,110.0,14.3,220.0,160.0,27.777778,72.222222,23.666667,16.284680
2016S05077050015.00,7050015.00,0015.00,47,CT,CT_DGUID_PREFIX_2016S0507705,2170.0,930.0,60544.0,17.4,145.0,29.9,870.0,590.0,280.0,2155.0,385.0,420.0,145.0,135.0,140.0,370.0,410.0,170.0,220.0,8.6,250.0,195.0,67.816092,32.183908,17.865429,19.354839
2016S05077050016.00,7050016.00,0016.00,47,CT,CT_DGUID_PREFIX_2016S0507705,6355.0,2418.0,64811.0,14.3,380.0,25.8,2350.0,1500.0,855.0,6330.0,725.0,1250.0,425.0,420.0,405.0,1610.0,1915.0,365.0,745.0,5.4,465.0,570.0,63.829787,36.382979,11.453397,19.669552
2016S05077050017.00,7050017.00,0017.00,47,CT,CT_DGUID_PREFIX_2016S0507705,1890.0,883.0,60864.0,16.4,115.0,27.1,755.0,490.0,260.0,1805.0,440.0,375.0,150.0,140.0,85.0,250.0,245.0,170.0,160.0,10.1,185.0,185.0,64.900662,34.437086,24.376731,19.841270
2016S05077050018.00,7050018.00,0018.00,47,CT,CT_DGUID_PREFIX_2016S0507705,5300.0,2693.0,39893.0,40.3,935.0,57.7,2065.0,830.0,1235.0,5305.0,2370.0,1380.0,525.0,435.0,420.0,740.0,810.0,565.0,400.0,18.5,860.0,235.0,40.193705,59.806295,44.674835,26.037736
2016S05077050019.00,7050019.00,0019.00,47,CT,CT_DGUID_PREFIX_2016S0507705,4281.0,2024.0,47161.0,27.1,480.0,43.0,1770.0,1045.0,730.0,4245.0,1170.0,945.0,310.0,360.0,280.0,565.0,715.0,395.0,340.0,7.8,460.0,305.0,59.039548,41.242938,27.561837,22.074282
2016S05077050020.00,7050020.00,0020.00,47,CT,CT_DGUID_PREFIX_2016S0507705,3355.0,1537.0,60245.0,12.5,145.0,19.7,1470.0,1000.0,465.0,3335.0,545.0,640.0,255.0,230.0,155.0,475.0,430.0,265.0,330.0,8.1,165.0,315.0,68.027211,31.632653,16.341829,19.076006
2016S05077050021.00,7050021.00,0021.00,47,CT,CT_DGUID_PREFIX_2016S0507705,2526.0,1157.0,60851.0,15.4,155.0,25.6,1065.0,680.0,380.0,2565.0,440.0,520.0,210.0,180.0,135.0,435.0,510.0,180.0,265.0,7.1,165.0,275.0,63.849765,35.680751,17.153996,20.585907
2016S05077050022.01,7050022.01,0022.01,47,CT,CT_DGUID_PREFIX_2016S0507705,1763.0,797.0,44493.0,19.4,45.0,24.3,705.0,380.0,325.0,1215.0,155.0,155.0,70.0,50.0,40.0,180.0,195.0,85.0,80.0,7.3,90.0,145.0,53.900709,46.099291,12.757202,8.791832
2016S05077050022.02,7050022.02,0022.02,47,CT,CT_DGUID_PREFIX_2016S0507705,4691.0,1946.0,73449.0,7.6,155.0,16.0,1925.0,1530.0,395.0,4705.0,470.0,815.0,290.0,250.0,275.0,445.0,460.0,270.0,525.0,6.0,290.0,520.0,79.480519,20.519481,9.989373,17.373694
2016S05077050023.01,7050023.01,0023.01,47,CT,CT_DGUID_PREFIX_2016S0507705,2917.0,1187.0,77632.0,4.7,45.0,7.4,1180.0,1045.0,135.0,3035.0,280.0,525.0,180.0,190.0,155.0,315.0,295.0,135.0,365.0,6.4,135.0,330.0,88.559322,11.440678,9.225700,17.997943
2016S05077050023.02,7050023.02,0023.02,47,CT,CT_DGUID_PREFIX_2016S0507705,4417.0,1680.0,71066.0,10.9,205.0,18.3,1640.0,1065.0,575.0,4185.0,380.0,970.0,355.0,330.0,285.0,950.0,1055.0,225.0,575.0,6.8,180.0,605.0,64.939024,35.060976,9.080048,21.960607
2016S05077050024.00,7050024.00,0024.00,47,CT,CT_DGUID_PREFIX_2016S0507705,2858.0,1165.0,68288.0,12.0,175.0,24.5,1095.0,930.0,165.0,2905.0,430.0,620.0,200.0,230.0,185.0,395.0,410.0,180.0,320.0,5.3,135.0,225.0,84.931507,15.068493,14.802065,21.693492
2016S05077050025.01,7050025.01,0025.01,47,CT,CT_DGUID_PREFIX_2016S0507705,4230.0,1739.0,55776.0,19.5,400.0,34.3,1635.0,950.0,680.0,4220.0,740.0,1010.0,375.0,350.0,290.0,940.0,1095.0,325.0,460.0,5.8,395.0,440.0,58.103976,41.590214,17.535545,23.877069
2016S05077050025.02,7050025.02,0025.02,47,CT,CT_DGUID_PREFIX_2016S0507705,3214.0,1406.0,57952.0,11.7,120.0,19.2,1385.0,825.0,550.0,3155.0,305.0,515.0,165.0,170.0,180.0,610.0,670.0,170.0,325.0,9.1,165.0,400.0,59.566787,39.711191,9.667195,16.023647
2016S05077050026.00,7050026.00,0026.00,47,CT,CT_DGUID_PREFIX_2016S0507705,4024.0,2199.0,44437.0,16.7,180.0,27.1,2035.0,920.0,1115.0,3965.0,510.0,580.0,235.0,200.0,150.0,740.0,810.0,225.0,295.0,6.3,255.0,320.0,45.208845,54.791155,12.862547,14.413519
2016S05077050027.00,7050027.00,0027.00,47,CT,CT_DGUID_PREFIX_2016S0507705,3624.0,1589.0,58304.0,16.1,235.0,27.8,1505.0,1015.0,495.0,3645.0,780.0,715.0,265.0,230.0,215.0,370.0,410.0,290.0,325.0,7.4,405.0,210.0,67.441860,32.890365,21.399177,19.729581
2016S05077050028.01,7050028.01,0028.01,47,CT,CT_DGUID_PREFIX_2016S0507705,2919.0,1100.0,78720.0,9.1,130.0,18.1,1085.0,915.0,170.0,2880.0,250.0,635.0,225.0,230.0,185.0,435.0,460.0,175.0,370.0,5.2,155.0,390.0,84.331797,15.668203,8.680556,21.754025
2016S05077050028.02,7050028.02,0028.02,47,CT,CT_DGUID_PREFIX_2016S0507705,3712.0,1384.0,75118.0,12.0,190.0,20.7,1355.0,990.0,365.0,3535.0,425.0,770.0,280.0,275.0,215.0,415.0,360.0,280.0,460.0,6.5,200.0,365.0,73.062731,26.937269,12.022631,20.743534
2016S05077050028.03,7050028.03,0028.03,47,CT,CT_DGUID_PREFIX_2016S0507705,4210.0,1587.0,85760.0,5.2,80.0,9.2,1575.0,1345.0,230.0,4325.0,400.0,720.0,215.0,260.0,240.0,570.0,525.0,170.0,570.0,4.9,110.0,555.0,85.396825,14.603175,9.248555,17.102138
2016S05077050100.01,7050100.01,0100.01,47,CT,CT_DGUID_PREFIX_2016S0507705,3687.0,1447.0,86418.0,6.0,80.0,10.4,1385.0,1100.0,280.0,3635.0,350.0,650.0,210.0,235.0,205.0,310.0,270.0,195.0,450.0,5.3,140.0,335.0,79.422383,20.216606,9.628611,17.629509
2016S05077050100.02,7050100.02,0100.02,47,CT,CT_DGUID_PREFIX_2016S0507705,4548.0,1504.0,118807.0,1.4,30.0,2.5,1520.0,1495.0,20.0,4545.0,150.0,1075.0,370.0,380.0,325.0,455.0,560.0,95.0,780.0,4.2,75.0,830.0,98.355263,1.315789,3.300330,23.636763
2016S05077050100.03,7050100.03,0100.03,47,CT,CT_DGUID_PREFIX_2016S0507705,5337.0,2062.0,80384.0,6.4,135.0,11.0,2050.0,1705.0,345.0,5345.0,665.0,1000.0,315.0,380.0,305.0,465.0,445.0,350.0,660.0,6.5,250.0,540.0,83.170732,16.829268,12.441534,18.737118
2016S05077050100.04,7050100.04,0100.04,47,CT,CT_DGUID_PREFIX_2016S0507705,9581.0,3742.0,95049.0,4.7,160.0,6.4,3555.0,2970.0,585.0,9530.0,435.0,2105.0,690.0,770.0,645.0,1510.0,1765.0,325.0,1430.0,4.5,205.0,1830.0,83.544304,16.455696,4.564533,21.970567
2016S05077050100.05,7050100.05,0100.05,47,CT,CT_DGUID_PREFIX_2016S0507705,2440.0,966.0,86930.0,3.5,25.0,4.9,955.0,805.0,145.0,2475.0,210.0,400.0,130.0,140.0,135.0,155.0,220.0,95.0,335.0,2.4,85.0,300.0,84.293194,15.183246,8.484848,16.393443
2016S05077050100.08,7050100.08,0100.08,47,CT,CT_DGUID_PREFIX_2016S0507705,5624.0,2361.0,84082.0,6.4,110.0,10.6,2245.0,1865.0,385.0,5410.0,235.0,850.0,270.0,310.0,270.0,890.0,820.0,215.0,680.0,4.4,110.0,1110.0,83.073497,17.149220,4.343808,15.113798
2016S05077050100.09,7050100.09,0100.09,47,CT,CT_DGUID_PREFIX_2016S0507705,8980.0,3524.0,92369.0,5.1,165.0,7.2,3390.0,2585.0,805.0,8955.0,565.0,1975.0,705.0,725.0,545.0,805.0,850.0,370.0,1325.0,4.3,240.0,1410.0,76.253687,23.746313,6.309324,21.993318
2016S05077050100.10,7050100.10,0100.10,47,CT,CT_DGUID_PREFIX_2016S0507705,6830.0,2441.0,91056.0,4.2,130.0,7.7,2420.0,2250.0,175.0,6895.0,425.0,1390.0,420.0,480.0,490.0,990.0,1040.0,290.0,1025.0,5.2,245.0,1085.0,92.975207,7.231405,6.163887,20.351391
2016S05077050100.11,7050100.11,0100.11,47,CT,CT_DGUID_PREFIX_2016S0507705,3403.0,1425.0,68395.0,13.4,220.0,26.7,1365.0,925.0,440.0,3330.0,415.0,685.0,240.0,240.0,210.0,640.0,620.0,220.0,360.0,7.9,145.0,505.0,67.765568,32.234432,12.462462,20.129298
2016S05077050100.12,7050100.12,0100.12,47,CT,CT_DGUID_PREFIX_2016S0507705,9707.0,3582.0,118451.0,3.9,115.0,4.5,3295.0,2890.0,405.0,9715.0,270.0,2200.0,800.0,750.0,650.0,2180.0,2825.0,205.0,1575.0,3.7,185.0,2770.0,87.708649,12.291351,2.779207,22.664057
2016S05077050100.13,7050100.13,0100.13,47,CT,CT_DGUID_PREFIX_2016S0507705,6734.0,2644.0,102272.0,4.5,95.0,6.0,2490.0,2280.0,210.0,6720.0,190.0,1300.0,290.0,480.0,525.0,1075.0,1300.0,170.0,1005.0,5.4,120.0,1550.0,91.566265,8.433735,2.827381,19.305019
2016S05077050100.14,7050100.14,0100.14,47,CT,CT_DGUID_PREFIX_2016S0507705,1623.0,527.0,93056.0,5.7,15.0,4.4,510.0,455.0,55.0,1400.0,60.0,275.0,95.0,100.0,80.0,40.0,35.0,40.0,220.0,2.9,40.0,195.0,89.215686,10.784314,4.285714,16.943931
2016S05077050101.01,7050101.01,0101.01,47,CT,CT_DGUID_PREFIX_2016S0507705,5284.0,1937.0,96256.0,5.3,105.0,7.9,1885.0,1790.0,90.0,5280.0,140.0,1105.0,355.0,360.0,390.0,210.0,175.0,180.0,825.0,3.6,220.0,475.0,94.960212,4.774536,2.651515,20.912188
2016S05077050101.02,7050101.02,0101.02,47,CT,CT_DGUID_PREFIX_2016S0507705,6440.0,2139.0,126663.0,2.7,60.0,3.2,2070.0,2020.0,50.0,6385.0,210.0,1610.0,475.0,560.0,570.0,300.0,210.0,125.0,1090.0,4.2,160.0,1065.0,97.584541,2.415459,3.288958,25.000000
2016S05077050102.00,7050102.00,0102.00,47,CT,CT_DGUID_PREFIX_2016S0507705,5616.0,2986.0,88704.0,6.1,70.0,6.3,2240.0,1975.0,260.0,5540.0,235.0,915.0,290.0,335.0,295.0,165.0,45.0,170.0,700.0,3.8,160.0,650.0,88.169643,11.607143,4.241877,16.292735
2016S05077050103.00,7050103.00,0103.00,47,CT,CT_DGUID_PREFIX_2016S0507705,1180.0,460.0,83904.0,5.5,20.0,6.8,405.0,385.0,20.0,1095.0,20.0,285.0,95.0,115.0,80.0,15.0,10.0,35.0,150.0,1.5,55.0,80.0,95.061728,4.938272,1.826484,24.152542
2016S05077050104.00,7050104.00,0104.00,47,CT,CT_DGUID_PREFIX_2016S0507705,1232.0,473.0,85248.0,7.1,30.0,11.5,425.0,410.0,15.0,1135.0,60.0,245.0,90.0,80.0,70.0,35.0,10.0,30.0,155.0,5.0,55.0,85.0,96.470588,3.529412,5.286344,19.886364
